{"GEMEENTENAAM":"AMSTERDAM","PercentageMan":44.54838800190802,"PercentageVrouw":55.45161199809198}
{"GEMEENTENAAM":"BREDA","PercentageMan":28.23920265780731,"PercentageVrouw":71.76079734219269}
{"GEMEENTENAAM":"DELFT","PercentageMan":76.70306012609565,"PercentageVrouw":23.29693987390435}
{"GEMEENTENAAM":"EINDHOVEN","PercentageMan":77.73764456638766,"PercentageVrouw":22.262355433612336}
{"GEMEENTENAAM":"ENSCHEDE","PercentageMan":63.990879522516177,"PercentageVrouw":36.00912047748382}
{"GEMEENTENAAM":"GRONINGEN","PercentageMan":49.16494288596554,"PercentageVrouw":50.83505711403446}
{"GEMEENTENAAM":"LEIDEN","PercentageMan":40.97824174535218,"PercentageVrouw":59.021758254647817}
{"GEMEENTENAAM":"MAASTRICHT","PercentageMan":44.10603170933749,"PercentageVrouw":55.893968290662517}
{"GEMEENTENAAM":"NIJMEGEN","PercentageMan":42.88842981625013,"PercentageVrouw":57.11157018374986}
{"GEMEENTENAAM":"ROTTERDAM","PercentageMan":51.860434322033899,"PercentageVrouw":48.139565677966107}
{"GEMEENTENAAM":"TILBURG","PercentageMan":52.98628413846489,"PercentageVrouw":47.01371586153511}
{"GEMEENTENAAM":"UTRECHT","PercentageMan":41.94416057690454,"PercentageVrouw":58.05583942309547}
{"GEMEENTENAAM":"WAGENINGEN","PercentageMan":45.95264439035185,"PercentageVrouw":54.04735560964815}
